id,category,subcategory,brand,colour,pattern,formality,season,hue,value,chroma,temp,hex,fabric,texture,layer,needs_base,formality_rank,warmth,fit_cut,hem,palette,silhouette,ring_fence,provenance,fit,condition,acquired,availability,verdict,flag_notes,open_question
1,Gym,T-shirt (technical),Nike,Black,Solid,Sport,All year,black,D,NEUTRAL,NEUTRAL,#16171a,technical,FLAT,N/A,N,1,2,REGULAR,N/A,N/A,OK,GYM,C,,Good,,available,KEEP,,
2,Gym,Polo (technical),Nike,Black,Solid,Sport,All year,black,D,NEUTRAL,NEUTRAL,#16171a,technical,FLAT,N/A,N,1,2,REGULAR,N/A,N/A,OK,GYM,C,,Good,,available,KEEP,Synthetic - sport only,
3,Gym,Headband,Nike,Cream,Solid,Sport,All year,cream,L,NEUTRAL,WARM,#e6d9bf,cotton,FLAT,N/A,N,1,2,REGULAR,N/A,N/A,OK,GYM,C,,Good,,available,KEEP,,
4,Shirts,Casual shirt,Officine Generale,Light blue,Solid,Smart casual,Spring/Summer,blue,L,MUTED,COOL,#b9c9d9,cotton,FLAT,MID,N,3,2,REGULAR,N/A,OK,OK,NONE,E,,Good,,available,KEEP,Chambray mid-blue reads fine,
5,Shirts,Casual shirt,Officine Generale,Dark olive,Solid,Smart casual,All year,olive,D,MUTED,WARM,#454a34,cotton,FLAT,MID,N,3,2,REGULAR,N/A,STRONG,OK,NONE,E,,Good,,available,KEEP,Best colour family,
6,Shirts,Casual shirt,Orlebar Brown,Pale blue,Solid,Smart casual,Spring/Summer,blue,L,MUTED,COOL,#b9c9d9,cotton,FLAT,MID,N,3,1,REGULAR,N/A,WEAK,OK,NONE,E,,Good,,available,KEEP,MERGED with old row 73,
7,Shirts,Oxford shirt,Officine Generale,Light blue,Solid,Smart casual,All year,blue,L,MUTED,COOL,#b9c9d9,cotton,FLAT,MID,N,3,2,REGULAR,N/A,OK,OK,NONE,E,,Good,,available,KEEP,Classic staple; formula 2 anchor,
8,Shirts,Linen shirt,8 by YOOX,White,Solid,Smart casual,Summer,white,L,NEUTRAL,NEUTRAL,#f7f5f0,linen,TEXTURED,MID,N,3,1,REGULAR,N/A,STRONG,OK,NONE,E,,Good,,available,KEEP,White linen rated highly,
9,Shirts,Camp collar shirt,All Saints,Olive green,Open crochet knit,Casual,Summer,olive,M,MUTED,WARM,#5e6444,knit,TEXTURED,MID,Y,2,2,REGULAR,N/A,STRONG,OK,NONE,E,,Good,,available,KEEP,CANNOT BE BUTTONED - open layer only over a tee,
10,Shirts,Overshirt (summer),All Saints,Black / cream / rust / magenta,Large-scale paisley,Casual (statement),Summer,black,D,NEUTRAL,NEUTRAL,#16171a,knit,TEXTURED,OUTER,N,2,2,REGULAR,N/A,FAIL,OK,HOLIDAY-EVE,E,,Good,,available,KEEP,Holiday evenings only open over a plain tee. Kept on Pavlos override,
11,Trousers,Suit trousers,Adam Waite,Navy,Solid,Formal,All year,navy,D,MUTED,COOL,#1e2a44,cotton,FLAT,BOTTOM,N,4,2,REGULAR,PLAIN,STRONG,OK,NONE,E,,Good,,available,KEEP,SUIT-LOCKED with 12. NOT an odd-trouser option for client days,
12,Outerwear,Blazer (suit),Adam Waite,Navy,Solid,Formal,All year,navy,D,MUTED,COOL,#1e2a44,cotton,FLAT,OUTER,N,4,3,SLIM,OK,STRONG,OK,NONE,E,Fits perfectly. Shoulder 41.5 / back 72 / sleeve 57.5,Good,,available,KEEP,MADE TO MEASURE - the shoulder benchmark. Red lining limits it as a separate,
13,Tops,Henley (knit),Officine Generale,Mid blue,Solid,Casual,Autumn/Winter,blue,M,MUTED,COOL,#47688e,knit,TEXTURED,MID,N,2,2,REGULAR,N/A,OK,OK,NONE,E,,Good,,available,KEEP,Likely OG Bene,
14,Footwear,Chelsea boots,Celine,Black,Solid,Smart,Autumn/Winter,black,D,NEUTRAL,NEUTRAL,#16171a,leather,FLAT,SHOE,N,4,2,REGULAR,N/A,STRONG,OK,NONE,E,,Good - needs polish and clean,,available,KEEP,Key asset,
15,Footwear,Espadrilles,Manebi,Navy blue,Solid,Casual,Summer,navy,D,NEUTRAL,COOL,#1e2a44,cotton,FLAT,SHOE,N,2,2,REGULAR,N/A,STRONG,OK,NONE,E,,Good,,available,KEEP,,
16,Gym,Running shoes,Nike,Black / white,Solid,Sport,All year,black,D,NEUTRAL,NEUTRAL,#16171a,technical,FLAT,N/A,N,1,2,REGULAR,N/A,N/A,OK,GYM,C,,Good,,available,KEEP,No lateral support - NOT a tennis shoe,
17,Footwear,Trainers,Adidas,Beige / red / navy,Colour-block,Casual,All year,navy,D,MUTED,COOL,#1e2a44,leather,FLAT,SHOE,N,2,2,REGULAR,N/A,FAIL,OK,CASUAL,E,,Good,,available,KEEP,Colour-block fails the solid-only rule. KEPT ON PAVLOS OVERRIDE - new and draws positive comment,
20,Accessories,Sunglasses,Jimmy Fairly,Tortoise / brown,Solid,All,Spring/Summer,brown,D,MUTED,WARM,#5a4030,other,FLAT,N/A,N,3,2,REGULAR,N/A,STRONG,OK,NONE,C,,Good,,available,KEEP,Correct scale and tone,
21,Outerwear,Blazer,Adam Waite,Dark olive,Solid,Smart,Autumn/Winter,olive,D,MUTED,WARM,#454a34,corduroy,PILE,OUTER,N,4,4,SLIM,OK,STRONG,OK,NONE,E,Made to measure - length doctrine satisfied,Good,,available,KEEP,MADE TO MEASURE. UNDER-USED - best colour family and cut to him. Work it harder,
22,Outerwear,Waistcoat,Adam Waite,Dark olive,Solid,Smart,Autumn/Winter,olive,D,MUTED,WARM,#454a34,corduroy,PILE,MID,N,4,3,REGULAR,UNKNOWN,STRONG,OK,NONE,E,,Good,,available,KEEP,Waistcoat helps the vertical line,
23,Outerwear,Blazer,Etro,Purple velvet,Solid,Formal (evening),Autumn/Winter,purple,D,SATURATED,COOL,#3d2b40,velvet,PILE,OUTER,N,6,3,REGULAR,UNKNOWN,STRONG,OK,NONE,E,,Good,,available,KEEP,FIELD-TESTED black-tie anchor. Purple velvet smoking jacket worn successfully to multiple events,
24,Outerwear,Unstructured jacket,Soloio Weekend,Navy blue,Solid,Casual,All year,navy,D,MUTED,COOL,#1e2a44,corduroy,PILE,OUTER,N,2,4,RELAXED,UNKNOWN,STRONG,OK,CASUAL,C,,Good,,available,KEEP,"NAVY not brown - the record was corrected 17 Aug. RELAXED cut and reads too vintage for the office. Casual and weekend only; never office, never client-facing. Coral gingham lining",Colour is provenance C - confirm in daylight
25,Outerwear,Bomber jacket,Ted Baker,Faded navy,Solid,Casual,Spring/Autumn,navy,D,MUTED,COOL,#1e2a44,cotton,FLAT,OUTER,N,2,3,REGULAR,UNKNOWN,STRONG,OK,NONE,E,,Good,,available,KEEP,Lightweight zip bomber. Orange paisley lining concealed,
26,Outerwear,Overshirt,Mr. P,Dark royal blue,Solid,Casual,Autumn/Winter,blue,D,SATURATED,COOL,#2b3d57,corduroy,PILE,OUTER,N,2,4,REGULAR,UNKNOWN,OK,OK,NONE,E,,Good,,available,KEEP,MERGED with old row 89. Thick corduroy. The winter overshirt,
27,Shirts,Casual shirt,Costume National,Light blue,Solid,Smart casual,All year,blue,L,MUTED,COOL,#b9c9d9,cotton,FLAT,MID,N,3,2,REGULAR,N/A,OK,OK,NONE,E,,Good,,available,KEEP,,
28,Tops,Polo,Officine Generale,Navy,Solid,Smart casual,Spring/Summer,navy,D,MUTED,COOL,#1e2a44,cotton,FLAT,MID,N,3,2,REGULAR,N/A,STRONG,OK,NONE,E,,Good,,available,KEEP,,
29,Shirts,Band collar shirt,Officine Generale,Light grey,Solid,Smart casual,All year,grey,L,NEUTRAL,COOL,#cfd0cf,cotton,FLAT,MID,N,3,2,REGULAR,N/A,OK,OK,NONE,E,,Good,,available,KEEP,,
31,Shirts,Denim shirt,ARKET,Dark denim blue,Solid,Casual,All year,blue,D,MUTED,COOL,#35506e,denim,TEXTURED,MID,N,2,2,REGULAR,N/A,OK,OK,NONE,E,,Good,,available,KEEP,PROPER DENIM - the casual one. Distinct from 92,
33,Tops,T-shirt,American Vintage,Dark olive,Solid,Casual,All year,olive,D,MUTED,WARM,#454a34,jersey,FLAT,BASE,N,2,2,REGULAR,N/A,STRONG,OK,NONE,E,,Good,,available,KEEP,,
36,Trousers,Chinos,Weekday,Tan,Solid,Casual,Spring/Summer,tan,M,MUTED,WARM,#a97c4e,cotton,FLAT,BOTTOM,N,2,2,RELAXED,PLAIN,STRONG,OK,CASUAL,E,,Good,,available,KEEP,"Wide leg fights the frame - do not rebuy the cut. Casual and WFH only, never client days",
37,Knitwear,Zip hoodie,American Vintage,Rust,Solid,Casual,Autumn/Winter,rust,M,MUTED,WARM,#a4552e,loopback,TEXTURED,OUTER,Y,2,3,REGULAR,N/A,STRONG,OFF-BRIEF,CASUAL,E,,Good,,available,KEEP,Great colour wrong garment,
38,Trousers,Jeans,All Saints,Faded black,Solid,Casual,All year,black,D,NEUTRAL,NEUTRAL,#232227,denim,TEXTURED,BOTTOM,N,2,2,REGULAR,PLAIN,OK,OK,NONE,E,,Good,,available,KEEP,IN HEAVY ROTATION - current favourite,
43,Shorts,Swim shorts,Love Brand & Co,Black / white,Palm print,Casual,Summer,black,D,NEUTRAL,NEUTRAL,#16171a,cotton,FLAT,BOTTOM,N,2,1,REGULAR,PLAIN,N/A,OK,NONE,C,,Good,,available,KEEP,Pattern acceptable on swimwear. ONLY PAIR OWNED - a second is on the buy plan,
44,Trousers,Jeans,All Saints,Stone,Solid,Casual,Spring/Summer,tan,L,NEUTRAL,WARM,#cfc4b0,denim,TEXTURED,BOTTOM,N,2,2,REGULAR,PLAIN,STRONG,OK,NONE,E,,Good,,available,KEEP,,
45,Trousers,Chinos,NN07,Tan,Solid,Smart casual,Spring/Summer,tan,M,MUTED,WARM,#a97c4e,cotton,FLAT,BOTTOM,N,3,2,REGULAR,TAILOR,STRONG,OK,NONE,E,,Good,,available,TAILOR,TAILOR TWICE - remove turn-ups AND let out the waist. EXCLUDED from generated looks until done,
46,Shorts,Casual shorts,Orlebar Brown,Cream / sand,Solid,Smart casual,Summer,cream,L,NEUTRAL,WARM,#e6d9bf,cotton,FLAT,BOTTOM,N,3,1,REGULAR,PLAIN,STRONG,OK,NONE,C,,Good,,available,KEEP,Colour corrected to cream/sand,
47,Shorts,Denim shorts,Love Brand & Co,Strong tan,Solid,Casual,Summer,tan,M,MUTED,WARM,#a97c4e,denim,TEXTURED,BOTTOM,N,2,1,REGULAR,PLAIN,STRONG,OK,NONE,C,,Good,,available,KEEP,Colour corrected - strong tan not mustard,Colour still provenance C - confirm in daylight
49,Trousers,Chinos,Frame,Beige,Solid,Smart casual,Spring/Summer,tan,L,MUTED,WARM,#c9b18c,denim,TEXTURED,BOTTOM,N,3,2,REGULAR,PLAIN,STRONG,OK,NONE,E,,Good,,available,KEEP,ALREADY TAILORED and in heavy rotation - proof that hemming works. ONE OF ONLY TWO ALL-YEAR ODD TROUSERS for client days (with 169),Measure flat across the waistband x2 - settles the body waist question
50,Trousers,Jeans,7 For All Mankind,Black,Solid,Casual,All year,black,D,NEUTRAL,NEUTRAL,#16171a,denim,TEXTURED,BOTTOM,N,2,2,REGULAR,PLAIN,OK,OK,NONE,E,,Good,,available,KEEP,THE BLACK 7FAM. Lint magnet - carry a roller or avoid on client days. Distinct from 174 which is dark blue,
52,Trousers,Jeans,Frame,Washed black,Solid,Casual,All year,black,D,NEUTRAL,NEUTRAL,#2b2a2e,denim,TEXTURED,BOTTOM,N,2,2,REGULAR,TAILOR,OK,OK,NONE,E,Good fit,Good - needs repair,,available,TAILOR,Needs a repair patch to the under-crotch. EXCLUDED from generated looks until done,
54,Tops,Sweater (fine knit),All Saints,Black melange,Solid,Casual,Autumn/Winter,black,D,MUTED,NEUTRAL,#2a2a2c,merino,TEXTURED,MID,N,2,2,REGULAR,N/A,STRONG,OK,NONE,E,,Good,,available,KEEP,THE MERINO BENCHMARK - buy new fine knits to this fit. Melange earns the black-at-the-face exemption the same way pile does,
55,Knitwear,Hoodie,Mr. P,Dark blue,Solid,Casual,Autumn/Winter,blue,D,MUTED,COOL,#2b3d57,knit,TEXTURED,OUTER,Y,2,3,REGULAR,N/A,OK,OFF-BRIEF,CASUAL,E,,Good,,available,KEEP,Colour corrected from charcoal - bad photo,
56,Knitwear,Crewneck jumper,ARKET,Orange / salmon,Solid,Casual,Autumn/Winter,orange,M,SATURATED,WARM,#d4693f,cotton,FLAT,MID,N,2,3,REGULAR,N/A,FAIL,OFF-BRIEF,CASUAL,E,,Good,,available,KEEP,Warm-bright family that turns olive skin sallow. KEPT ON PAVLOS OVERRIDE - it is new,
57,Knitwear,Hoodie,J-Crew,Grey marl,Solid,Casual,Autumn/Winter,grey,M,NEUTRAL,COOL,#8f8f8d,loopback,TEXTURED,OUTER,Y,2,3,REGULAR,N/A,FAIL,OFF-BRIEF,HOME,C,,Good,,available,KEEP,Mid-grey at the face merges with the hair. KEPT ON PAVLOS OVERRIDE,
58,Knitwear,Sweatshirt,M&S,Grey marl,Solid,Casual,Autumn/Winter,grey,M,NEUTRAL,COOL,#8f8f8d,loopback,TEXTURED,OUTER,Y,2,3,REGULAR,N/A,FAIL,OFF-BRIEF,HOME,C,,Good,,retired,RETIRE,Weakest colour in the wardrobe. Retired 22 Aug 2026,
59,Knitwear,Sweatshirt,ARKET,Navy,Solid,Casual,Autumn/Winter,navy,D,NEUTRAL,NEUTRAL,#1e2a44,loopback,TEXTURED,OUTER,Y,2,3,REGULAR,N/A,OK,OFF-BRIEF,CASUAL,E,,Good,,available,KEEP,Colour fine garment off-brief,
60,Knitwear,Sweatshirt,Maison Kitsune,Grey marl,Fox head graphic,Casual,Autumn/Winter,grey,M,NEUTRAL,COOL,#9a9a98,loopback,TEXTURED,OUTER,Y,2,3,REGULAR,N/A,FAIL,OFF-BRIEF,HOME,E,,Good,,available,KEEP,"Home and private only - visible logo, kept for sentiment",
61,Knitwear,Sweatshirt,ARKET,Olive,Solid,Casual,Autumn/Winter,olive,M,MUTED,WARM,#5e6444,loopback,TEXTURED,OUTER,Y,2,3,REGULAR,N/A,STRONG,OFF-BRIEF,CASUAL,E,,Good,,available,KEEP,Colour excellent garment off-brief,
62,Knitwear,Shawl collar cardigan,Scotch & Soda,Dark blue,Cable knit,Casual,Autumn/Winter,blue,D,MUTED,COOL,#2b3d57,wool,TEXTURED,OUTER,Y,2,3,REGULAR,N/A,OK,OFF-BRIEF,NONE,E,,Good,,available,KEEP,Colour corrected to dark blue. Chunky gauge adds bulk - TOP LAYER ONLY,
63,Knitwear,Jumper,All Saints,Cream,Waffle knit,Casual,Autumn/Winter,cream,L,NEUTRAL,WARM,#e6d9bf,wool,TEXTURED,MID,N,2,3,REGULAR,N/A,STRONG,OFF-BRIEF,NONE,E,,Good,,available,KEEP,Great colour - too bulky to layer under a jacket,
64,Tops,T-shirt,ARKET,White,Solid,Casual,Spring/Summer,white,L,NEUTRAL,NEUTRAL,#f7f5f0,jersey,FLAT,BASE,N,2,2,REGULAR,N/A,STRONG,OK,NONE,E,,Good,2026,available,KEEP,170gsm Regular size XS,
65,Tops,T-shirt,ARKET,White,Solid,Casual,Spring/Summer,white,L,NEUTRAL,NEUTRAL,#f7f5f0,jersey,FLAT,BASE,N,2,2,REGULAR,N/A,STRONG,OK,NONE,E,,Good,2026,available,KEEP,170gsm Regular size XS - second of pair,
66,Tops,T-shirt,ARKET,White,Solid,Casual,Spring/Summer,white,L,NEUTRAL,NEUTRAL,#f7f5f0,jersey,FLAT,BASE,N,2,2,RELAXED,N/A,STRONG,OK,NONE,E,,Good,2026,available,KEEP,220gsm RELAXED - PREFERRED FIT,
67,Tops,T-shirt,ARKET,White,Solid,Casual,Spring/Summer,white,L,NEUTRAL,NEUTRAL,#f7f5f0,jersey,FLAT,BASE,N,2,2,RELAXED,N/A,STRONG,OK,NONE,E,,Good,2026,available,KEEP,220gsm RELAXED - second of pair,
68,Tops,Tank top,ARKET,White,Ribbed,Casual,Summer,white,L,NEUTRAL,NEUTRAL,#f7f5f0,cotton,FLAT,BASE,N,2,1,REGULAR,N/A,STRONG,OK,NONE,E,Size XS - confirmed but TIGHT,Good,2026,available,CHECK,101 arrived in size S as the correction. Wear both then decide,Retires if 101 in S is the better fit
69,Shorts,Casual shorts,ARKET,Beige,Solid,Smart casual,Summer,cream,L,NEUTRAL,WARM,#e6d9bf,linen,TEXTURED,BOTTOM,N,3,1,REGULAR,PLAIN,STRONG,OK,NONE,A,,Good,2026,available,KEEP,Linen size XS,
70,Footwear,Trainers,Axel Arigato,White,Solid,Smart casual,All year,white,L,NEUTRAL,NEUTRAL,#f7f5f0,leather,FLAT,SHOE,N,3,2,REGULAR,N/A,STRONG,OK,NONE,E,Size 6 - the sneaker size reference,New,2026,available,KEEP,The plain Clean 90. KEY ASSET - default shoe,
71,Footwear,Flip-flops,Havaianas,Black,Solid,Casual,Summer,black,D,NEUTRAL,NEUTRAL,#16171a,other,FLAT,SHOE,N,2,2,REGULAR,N/A,OK,OK,NONE,E,,Good,,available,KEEP,Colour confirmed black,
72,Shirts,Linen shirt,Orlebar Brown,White,Solid,Smart casual,Summer,white,L,NEUTRAL,NEUTRAL,#f7f5f0,linen,TEXTURED,MID,N,3,1,REGULAR,N/A,STRONG,OK,NONE,E,,Good,,available,KEEP,"Justin Lino in White, size XS",
74,Knitwear,Wool jersey,ARKET,Light blue,Solid,Casual,Autumn/Winter,blue,L,MUTED,COOL,#b9c9d9,wool,TEXTURED,MID,N,2,3,REGULAR,N/A,OK,OK,NONE,E,,Good,2025,available,KEEP,"Wool jumper size S. A FINE GAUGE, not a heavy winter knit",
75,Knitwear,Oversize jumper,ARKET,Cream,Solid,Casual,Autumn/Winter,cream,L,NEUTRAL,WARM,#e6d9bf,loopback,TEXTURED,MID,N,2,3,RELAXED,N/A,WEAK,OFF-BRIEF,CASUAL,A,,Good,2025,available,KEEP,"Weak on cut not colour. Casual only - home, drinks, weekends",
77,Accessories,Jewellery,Cavaier,Black,Solid,All,All year,black,D,NEUTRAL,NEUTRAL,#16171a,other,FLAT,N/A,N,3,2,REGULAR,N/A,OK,OK,NONE,A,,New - on order,2026,incoming,KEEP,3x Minimal Stack Set Black/Small. Order 58367. Ordered 18 Aug 2026,
78,Trousers,Tracksuit bottoms,Mr. P,Dark blue,Solid,Loungewear,All year,blue,D,MUTED,COOL,#2b3d57,cotton,FLAT,BOTTOM,N,1,2,REGULAR,PLAIN,OK,N/A,HOME,E,,Good,,available,KEEP,Never an outfit item,
79,Trousers,Tracksuit bottoms,Diesel,Dark blue,Solid,Loungewear,All year,blue,D,MUTED,COOL,#2b3d57,cotton,FLAT,BOTTOM,N,1,2,REGULAR,PLAIN,OK,N/A,HOME,E,,Good,,available,KEEP,Check for visible branding,
80,Trousers,Tracksuit bottoms,Diesel,Light grey,Solid,Loungewear,All year,grey,L,NEUTRAL,COOL,#c8c3b8,cotton,FLAT,BOTTOM,N,1,2,REGULAR,PLAIN,WEAK,N/A,HOME,E,,Good,,available,KEEP,,
81,Outerwear,Blazer (suit),The Kooples,Dark grey,Solid,Formal,All year,grey,D,NEUTRAL,NEUTRAL,#4e5157,wool,FLAT,OUTER,N,4,3,SLIM,UNKNOWN,STRONG,OK,NONE,E,Shoulder 39cm - 2.5cm narrow. Reads tight,Good,,available,KEEP,Cut marked Fitted. Board dinners and funerals. THIS IS WHAT 'too small in the shoulder' MEASURES LIKE,
82,Trousers,Suit trousers,The Kooples,Dark grey,Solid,Formal,All year,grey,D,NEUTRAL,NEUTRAL,#4e5157,wool,FLAT,BOTTOM,N,4,2,REGULAR,PLAIN,STRONG,CHECK,NONE,E,,Good,,available,KEEP,SUIT-LOCKED with 81. NOT an odd-trouser option for client days,
83,Outerwear,Blazer (suit),Sandro,Sand / cream,Solid,Smart casual,Summer,cream,L,NEUTRAL,WARM,#e6d9bf,linen,TEXTURED,OUTER,N,4,3,REGULAR,UNKNOWN,STRONG,CHECK,NONE,E,,Good,,available,KEEP,Classic Linen Suit Jacket in SAND. Jacket of the linen suit with 84,Length unknown - hem is UNKNOWN and it is part of the outerwear worn-shot job
84,Trousers,Suit trousers,Sandro,Sand / cream,Solid,Smart casual,Summer,cream,L,NEUTRAL,WARM,#e6d9bf,linen,TEXTURED,BOTTOM,N,4,1,REGULAR,PLAIN,STRONG,CHECK,NONE,E,,Good,,available,KEEP,THE EXCEPTION TO THE SUIT-LOCK RULE - these do work as separates. SUMMER ONLY,
85,Shirts,Overshirt (linen),ARKET,Dark olive,Solid,Casual,Summer,olive,D,MUTED,WARM,#454a34,linen,TEXTURED,OUTER,N,2,1,RELAXED,N/A,STRONG,OK,NONE,E,,Good,,available,KEEP,THE SUMMER OVERSHIRT,
86,Shirts,Corduroy shirt,Rag & Bone,Charcoal,Solid,Smart casual,Autumn/Winter,charcoal,D,NEUTRAL,NEUTRAL,#3a3d42,corduroy,PILE,MID,N,3,2,REGULAR,N/A,STRONG,OK,NONE,E,,Good,,available,KEEP,Fine corduroy - texture over pattern. THE CHARCOAL BENCHMARK,
87,Shirts,Work shirt,Officine Generale,White,Solid,Smart,All year,white,L,NEUTRAL,NEUTRAL,#f7f5f0,cotton,FLAT,MID,N,4,2,REGULAR,N/A,STRONG,OK,NONE,E,,Good,,available,KEEP,Crisp white business shirt,
88,Shirts,Work shirt,Officine Generale,Light blue,Fine stripe,Smart,All year,blue,L,MUTED,COOL,#aec4dd,cotton,FLAT,MID,N,4,2,REGULAR,N/A,OK,OK,NONE,E,,Good,,available,KEEP,Fine stripe is the business-shirt exception to solid-only,
90,Shirts,Casual shirt,Officine Generale,White,Solid,Smart casual,Autumn/Winter,white,L,NEUTRAL,NEUTRAL,#f7f5f0,cotton,FLAT,MID,N,3,2,REGULAR,N/A,STRONG,OK,NONE,E,,Good,,available,KEEP,Thicker material. Fake chest pocket with thin black trim,
91,Shirts,Work shirt,Adam Waite,White,Solid,Smart,All year,white,L,NEUTRAL,NEUTRAL,#f7f5f0,cotton,FLAT,MID,N,4,2,REGULAR,N/A,STRONG,OK,NONE,E,,Good,,available,KEEP,Second crisp white business shirt,
92,Shirts,Denim shirt,Officine Generale,Light chambray blue,Solid,Casual,All year,blue,L,MUTED,COOL,#a8c0d8,denim,TEXTURED,MID,N,2,2,REGULAR,N/A,OK,OK,NONE,E,,Good,,available,KEEP,Denim-COLOURED rather than true denim. White trim on chest pocket,
93,Shirts,Work shirt,The Kooples,Light blue,Solid,Smart,All year,blue,L,MUTED,COOL,#b9c9d9,cotton,FLAT,MID,N,4,2,REGULAR,N/A,OK,OK,NONE,E,,Good,,available,KEEP,,
94,Shirts,Kurta,Lemaire,White / grey,Stripe,Occasion,All year,grey,M,NEUTRAL,COOL,#8f8f8d,cotton,FLAT,MID,N,4,2,REGULAR,N/A,OK,OK,OCCASION,C,,Good,,available,KEEP,Indian occasions only,
95,Tops,T-shirt,ARKET,Dark blue,Solid,Casual,All year,blue,D,MUTED,COOL,#2b3d57,jersey,FLAT,BASE,N,2,2,REGULAR,N/A,OK,OK,NONE,E,,Good,,available,KEEP,,
96,Tops,T-shirt,ARKET,Dark blue,Solid,Casual,All year,blue,D,MUTED,COOL,#2b3d57,jersey,FLAT,BASE,N,2,2,REGULAR,N/A,OK,OK,NONE,E,,Good,,available,KEEP,Second of pair. One of four near-identical dark blue tees with 96/98/99 - a duplication question,
97,Tops,T-shirt,ARKET,Black,Solid,Casual,All year,black,D,NEUTRAL,NEUTRAL,#16171a,jersey,FLAT,BASE,N,2,2,REGULAR,N/A,WEAK,OK,LAYER,E,,Good,,available,KEEP,"Flat cotton black at the collar. Solo is fine casually; layer under a jacket or overshirt where register matters. A preference, not a prohibition",
98,Tops,T-shirt,Officine Generale,Dark blue,Solid,Casual,All year,blue,D,MUTED,COOL,#2b3d57,jersey,FLAT,BASE,N,2,2,RELAXED,N/A,OK,OFF-BRIEF,NONE,E,,Good,,available,KEEP,Loose cotton. Near-duplicate of 99,
99,Tops,T-shirt,American Vintage,Dark blue,Solid,Casual,All year,blue,D,MUTED,COOL,#2b3d57,jersey,FLAT,BASE,N,2,2,REGULAR,N/A,OK,OFF-BRIEF,NONE,E,,Good,,available,KEEP,Near-duplicate of 98,
100,Tops,Polo,ARKET,Dark blue,Solid,Smart casual,Spring/Summer,blue,D,MUTED,COOL,#2b3d57,cotton,FLAT,MID,N,3,2,REGULAR,N/A,STRONG,OK,NONE,E,,Good,,available,KEEP,Useful smart-casual piece,
101,Tops,Tank top,ARKET,White,Ribbed,Casual,Summer,white,L,NEUTRAL,NEUTRAL,#f7f5f0,cotton,FLAT,BASE,N,2,1,REGULAR,N/A,STRONG,OK,NONE,E,Size S,New,2026,available,KEEP,Arrived 24 Aug 2026. The corrective sizing on 68 which is XS and tight,Confirm S is the right fit - if so 68 retires
102,Tops,T-shirt,ARKET,White,Solid,Casual,All year,white,L,NEUTRAL,NEUTRAL,#f7f5f0,jersey,FLAT,BASE,N,2,2,RELAXED,N/A,STRONG,OFF-BRIEF,NONE,E,,New,2026,available,KEEP,Arrived 24 Aug 2026. 220gsm Relaxed White XS - same spec as 66/67,
103,Tops,T-shirt,ARKET,Black,Solid,Casual,All year,black,D,NEUTRAL,NEUTRAL,#16171a,jersey,FLAT,BASE,N,2,2,RELAXED,N/A,WEAK,OFF-BRIEF,LAYER,E,,New,2026,available,KEEP,Arrived 24 Aug 2026. 220gsm Relaxed Black XS. Same black-at-the-face caveat as 97,
104,Tops,T-shirt,ARKET,Black,Solid,Casual,All year,black,D,NEUTRAL,NEUTRAL,#16171a,jersey,FLAT,BASE,N,2,2,RELAXED,N/A,WEAK,OFF-BRIEF,LAYER,E,,New,2026,available,KEEP,Arrived 24 Aug 2026. Second black - 220gsm Relaxed XS,
105,Tops,T-shirt,ARKET,White,Solid,Casual,All year,white,L,NEUTRAL,NEUTRAL,#f7f5f0,jersey,FLAT,BASE,N,2,2,RELAXED,N/A,STRONG,OFF-BRIEF,NONE,E,,New,2026,available,KEEP,Arrived 24 Aug 2026. Second of the 220gsm Relaxed White XS pair - split out of the 102 order line so each garment has its own row,
106,Tops,T-shirt,ARKET,Cream / ecru,Solid,Casual,All year,cream,L,NEUTRAL,WARM,#e6d9bf,jersey,FLAT,BASE,N,2,2,REGULAR,N/A,STRONG,OFF-BRIEF,NONE,E,,New,2026,available,KEEP,"Arrived 24 Aug 2026. Off White ecru XS. THE ONLY WARM BASE LAYER OWNED - goes under 85, 145, 149 and 21. Field-proven 26 Aug: it is what makes an open olive layer work",
108,Footwear,Boots,Gianvito Rossi,Dark brown,Solid,Smart,Autumn/Winter,brown,D,MUTED,WARM,#5a4030,suede,PILE,SHOE,N,4,2,REGULAR,N/A,STRONG,OK,NONE,E,Size 6 - fits,Good,,available,KEEP,Brown-footwear gap closed. Matched to belt 129,
109,Footwear,Loafers,G.H. Bass (Weejuns),Dark brown,Solid,Smart casual,All year,brown,D,MUTED,WARM,#5a4030,leather,FLAT,SHOE,N,3,2,REGULAR,N/A,STRONG,OK,NONE,E,Size 6 - fits,Good,,available,KEEP,Dark brown penny loafers. Matched to belt 129,
110,Footwear,Formal lace-ups,TBC,Black,Solid,Formal,All year,black,D,NEUTRAL,NEUTRAL,#16171a,leather,FLAT,SHOE,N,5,2,REGULAR,N/A,OK,OK,NONE,E,,Good - replacement wanted,,available,KEEP,Slightly pointed last - likely oxfords. TAKES A BLACK-TIE POLISH - confirmed. Replacement is medium priority not urgent,
111,Basics,Socks - black,CDLP,Black,Solid,All,All year,black,D,NEUTRAL,NEUTRAL,#16171a,cotton,FLAT,N/A,N,3,2,REGULAR,N/A,OK,N/A,NONE,C,,Good,,available,KEEP,9 pairs. THE ONLY DARK SOCK COLOUR OWNED - breaks the sock rule in every charcoal / navy / brown look,Brand - check the waistband
112,Basics,Socks - cream,ARKET,Cream,Ribbed,Casual,All year,cream,L,NEUTRAL,WARM,#e6d9bf,cotton,FLAT,N/A,N,2,2,REGULAR,N/A,STRONG,N/A,NONE,C,,Good,,available,KEEP,1 pair,
113,Basics,Socks - pale blue,ARKET,Baby blue,Ribbed,Casual,All year,blue,M,MUTED,COOL,#47688e,cotton,FLAT,N/A,N,2,2,REGULAR,N/A,WEAK,N/A,NONE,C,,Good,,available,KEEP,1 pair. Cool pastel - off palette,
114,Gym,Socks - sport,Nike Court,White,Solid,Sport,All year,white,L,NEUTRAL,NEUTRAL,#f7f5f0,cotton,FLAT,N/A,N,1,2,REGULAR,N/A,N/A,N/A,GYM,C,,Good,,available,KEEP,3 pairs,
117,Knitwear,Sweater,Nudie Jeans,Cream,Solid,Casual,All year,cream,L,NEUTRAL,WARM,#e6d9bf,knit,TEXTURED,MID,N,2,3,SLIM,N/A,STRONG,OK,NONE,E,Fitted,Good,,available,KEEP,TRAVEL STAPLE - goes into every packing template. The only fitted knit in a strong colour; it is the fit spec for the tobacco merino crew on the buy plan,Measure shoulder / chest / sleeve / body length as the buy spec
121,Basics,Socks - no-show,TBC,Black,Solid,Casual,Spring/Summer,black,D,NEUTRAL,NEUTRAL,#16171a,cotton,FLAT,N/A,N,2,2,REGULAR,N/A,N/A,N/A,NONE,C,,Good,,available,KEEP,5 pairs,Colour - white black or mixed
122,Basics,Underwear - trunk,Calvin Klein,White,Solid,n/a,All year,white,L,NEUTRAL,NEUTRAL,#f7f5f0,cotton,FLAT,N/A,N,1,2,REGULAR,N/A,N/A,N/A,NONE,C,,Good,,available,KEEP,8 pairs. PREFERRED BRAND AND CUT,
123,Basics,Underwear - trunk,Calvin Klein,Black,Solid,n/a,All year,black,D,NEUTRAL,NEUTRAL,#16171a,cotton,FLAT,N/A,N,1,2,REGULAR,N/A,N/A,N/A,NONE,C,,Good,,available,KEEP,6 pairs. PREFERRED BRAND AND CUT,
124,Basics,Underwear - trunk,CDLP,Black,Solid,n/a,All year,black,D,NEUTRAL,NEUTRAL,#16171a,cotton,FLAT,N/A,N,1,2,REGULAR,N/A,N/A,N/A,NONE,C,,Good,,available,RETIRE,3 pairs. Being phased out - do not replace,
125,Gym,Underwear - sport,Nike Pro,Assorted,Solid,Sport,All year,n/a,M,MUTED,NEUTRAL,#8a8781,technical,FLAT,N/A,N,1,2,REGULAR,N/A,N/A,N/A,GYM,C,,Good,,available,KEEP,4 pairs,
127,Accessories,Belt,The Kooples,Black,Solid,Smart,All year,black,D,NEUTRAL,NEUTRAL,#16171a,leather,FLAT,N/A,N,4,2,SLIM,N/A,OK,OK,NONE,C,,Good,,available,KEEP,Slim black dress belt. Plain silver prong buckle,
128,Accessories,Belt,Versace,Black,Solid,Smart casual,All year,black,D,NEUTRAL,NEUTRAL,#16171a,leather,FLAT,N/A,N,3,2,REGULAR,N/A,FAIL,OFF-BRIEF,NONE,C,,Good,,available,RETIRE,Fails the no-logo rule. Plate buckle also cuts the waist,
129,Accessories,Belt,Charles Tyrwhitt,Chocolate brown,Solid,Smart casual,All year,brown,D,NEUTRAL,WARM,#4a3226,leather,FLAT,N/A,N,3,2,REGULAR,N/A,STRONG,OK,NONE,E,Size 30 - fits on the last hole but comfortable. No exchange,New,2026,available,KEEP,"Arrived 24 Aug 2026. 30mm, silver-tone buckle. CLOSED THE BROWN-BELT GAP - 108 and 109 are now wearable with a correct belt. SIZE 30 IS THE REFERENCE BELT SIZE",Measure prong-to-hole-used - settles the body waist question
132,Accessories,Tie,TBC,Black,Solid,Smart,All year,black,D,NEUTRAL,NEUTRAL,#16171a,silk,FLAT,N/A,N,4,2,REGULAR,N/A,STRONG,OK,NONE,B,,Good,,available,KEEP,Plain black - sombre formal cover,
133,Accessories,Tie,TBC,Black,Solid,Smart,All year,black,D,NEUTRAL,NEUTRAL,#16171a,silk,FLAT,N/A,N,4,2,REGULAR,N/A,STRONG,OK,NONE,B,,Good,,available,KEEP,Plain black - spare,
134,Accessories,Tie,TBC,Black,Solid,Smart,All year,black,D,NEUTRAL,NEUTRAL,#16171a,silk,FLAT,N/A,N,4,2,REGULAR,N/A,STRONG,OK,NONE,B,,Good,,available,CHECK,Plain black - likely surplus,
135,Accessories,Tie,TBC,Black,Solid,Smart,All year,black,D,NEUTRAL,NEUTRAL,#16171a,silk,FLAT,N/A,N,4,2,REGULAR,N/A,STRONG,OK,NONE,B,,Good,,available,CHECK,Plain black - likely surplus,
136,Accessories,Tie,TBC,Black,Solid,Smart,All year,black,D,NEUTRAL,NEUTRAL,#16171a,silk,FLAT,N/A,N,4,2,REGULAR,N/A,STRONG,OK,NONE,B,,Good,,available,KEEP,No navy tie is owned,
137,Accessories,Tie,TBC,Olive green / cream,Diagonal stripe,Smart,All year,olive,M,MUTED,WARM,#5e6444,silk,FLAT,N/A,N,4,2,REGULAR,N/A,STRONG,OK,NONE,B,,Good,,available,KEEP,BEST COLOUR IN THE TIE COLLECTION,
138,Accessories,Tie,TBC,Black / grey,Fine dotted stripe,Smart,All year,black,D,NEUTRAL,NEUTRAL,#16171a,silk,FLAT,N/A,N,4,2,REGULAR,N/A,OK,OK,NONE,B,,Good,,available,KEEP,Safe with the grey suit,
139,Accessories,Tie,TBC,Burgundy / navy-black,Diagonal stripe,Smart,All year,burgundy,D,MUTED,WARM,#5c2233,silk,FLAT,N/A,N,4,2,REGULAR,N/A,STRONG,OK,NONE,B,,Good,,available,KEEP,Most wearable patterned tie owned,
140,Accessories,Tie,TBC,Purple / aubergine,Solid textured,Smart,All year,purple,D,SATURATED,COOL,#3d2b40,silk,FLAT,N/A,N,4,2,REGULAR,N/A,WEAK,OK,NONE,B,,Good,,available,CHECK,Purple is off palette,
141,Accessories,Tie,TBC,Red / gold,Diagonal stripe,Smart,All year,red,M,SATURATED,WARM,#a63a30,silk,FLAT,N/A,N,4,2,REGULAR,N/A,FAIL,OK,NONE,B,,Good,,available,RETIRE,Bright red plus gold stripe - loud,
142,Accessories,Tie,TBC,Black,Tonal dot/circle,Smart,All year,black,D,NEUTRAL,NEUTRAL,#16171a,silk,FLAT,N/A,N,4,2,REGULAR,N/A,OK,OK,NONE,B,,Good,,available,KEEP,Black on black texture - evening use,
143,Accessories,Tie,TBC,Black / grey,Wide diagonal stripe,Smart,All year,black,D,NEUTRAL,NEUTRAL,#16171a,silk,FLAT,N/A,N,4,2,REGULAR,N/A,OK,OK,NONE,B,,Good,,available,CHECK,Mid-grey stripe sits at the weakest value,
144,Accessories,Tie,TBC,Grey-brown / taupe,Small repeat motif,Smart,All year,grey,M,NEUTRAL,COOL,#8f8f8d,silk,FLAT,N/A,N,4,2,REGULAR,N/A,WEAK,OK,NONE,B,,Good,,available,CHECK,,Check for a logo motif
145,Outerwear,Chore jacket (Assembly),Folk,Olive,Solid,Casual,Spring/Autumn,olive,M,MUTED,WARM,#5e6444,cotton,FLAT,OUTER,N,2,3,REGULAR,UNKNOWN,STRONG,OK,NONE,E,,Good,,available,KEEP,Folk Assembly Jacket. Wooden/corozo buttons. BEST COLOUR FAMILY IN THE MOST USEFUL EVERYDAY LAYER OWNED,
146,Outerwear,Bomber jacket,Sandro,Navy,Solid,Smart casual,Spring/Autumn,navy,D,MUTED,COOL,#1e2a44,suede,PILE,OUTER,N,3,3,REGULAR,UNKNOWN,STRONG,OK,NONE,E,,Good,,available,KEEP,Navy suede bomber. Ribbed collar cuffs and hem. The spring/autumn third office jacket,
147,Outerwear,Dinner jacket,All Saints (probable),Black,Solid,Formal (evening),All year,black,D,NEUTRAL,NEUTRAL,#16171a,wool,FLAT,OUTER,N,6,3,REGULAR,UNKNOWN,STRONG,OK,NONE,E,,Good,,available,KEEP,Satin peak lapels. Satin-covered buttons. Jetted pockets. NO LABEL,Brand - confirm if possible
148,Outerwear,Dinner jacket,The Kooples,Black,Solid,Formal (evening),All year,black,D,NEUTRAL,NEUTRAL,#16171a,wool,FLAT,OUTER,N,6,3,REGULAR,UNKNOWN,STRONG,OK,NONE,E,,Good,,available,KEEP,THE CUT-OFF COLLAR ONE. Kept for sentiment,
149,Outerwear,Bomber jacket,All Saints,Tobacco,Solid,Casual,Spring/Autumn,brown,M,MUTED,WARM,#7a5230,leather,FLAT,OUTER,N,2,3,REGULAR,UNKNOWN,STRONG,OK,NONE,E,,Good,,available,KEEP,CASUAL rank 2 - does not substitute for a smart-casual brown jacket,
150,Outerwear,Unstructured blazer,Alex Mill,Navy,Solid,Smart casual,Spring/Summer,navy,D,MUTED,COOL,#1e2a44,cotton,FLAT,OUTER,N,3,3,RELAXED,UNKNOWN,STRONG,OK,NONE,E,,Good,,available,KEEP,Size XS. THE DEFAULT OFFICE JACKET - derive its share of the set from 04-looks.md,MEASURE THE SHOULDER against 41.5 - if materially wider the default-office-jacket assumption needs revisiting and the brown-jacket case changes with it
151,Outerwear,Leather jacket,All Saints,Very dark grey,Solid,Casual,Autumn/Winter,charcoal,D,MUTED,NEUTRAL,#33343a,leather,FLAT,OUTER,N,2,5,REGULAR,UNKNOWN,STRONG,OK,NONE,E,,Good,,available,KEEP,Heavy distressed leather. Belted waist strap. Inner tweed collar and built-in bib,
152,Outerwear,Trench / mac,Uniqlo,Tan,Solid,Smart casual,Spring/Autumn,tan,M,MUTED,WARM,#a97c4e,cotton,FLAT,OUTER,N,3,3,REGULAR,OK,STRONG,OK,NONE,E,Length confirmed correct,Good,,available,KEEP,"Cotton trench size XS. THE ONLY TAN SMART-CASUAL OUTER LAYER OWNED - narrows the case for a brown jacket, does not remove it (a trench is not a tailored jacket)",
153,Outerwear,Wool coat,Sandro,Navy,Solid,Smart,Autumn/Winter,navy,D,MUTED,COOL,#1e2a44,wool,TEXTURED,OUTER,N,4,5,REGULAR,OK,STRONG,OK,NONE,E,TAILORED TO HIM - its back length is the coat-length benchmark,Good,,available,KEEP,Winter workhorse,
154,Outerwear,Aviator jacket,Sandro,Dark brown,Solid,Casual,Autumn/Winter,brown,D,MUTED,WARM,#5a4030,leather,FLAT,OUTER,N,2,5,REGULAR,UNKNOWN,STRONG,OK,NONE,E,,Good,,available,KEEP,Style SHPBL00865 colour 751. REMOVABLE shearling collar - collar off is smarter and works for a client day,
155,Accessories,Watch,Apple,Jet Black aluminium,Solid,All,All year,black,D,NEUTRAL,NEUTRAL,#16171a,other,FLAT,N/A,N,3,2,REGULAR,N/A,OK,OK,NONE,C,42mm case,Good,,available,KEEP,"Series 11 Jet Black aluminium 42mm. EXCEEDS THE 38-41mm DOCTRINE - grandfathered exception, not a precedent. Takes the SMALL band group (38/40/41/42) and 20mm adapters, never 44/45/46 and never 22mm",
156,Accessories,Watch strap,Apple,Dark blue,Solid,Casual,All year,blue,D,MUTED,COOL,#2b3d57,other,FLAT,N/A,N,2,2,REGULAR,N/A,OK,OK,NONE,C,,Good,,available,KEEP,Sport band. On a sport band the brown belt is orphaned - see the belt rule,
157,Accessories,Watch strap,Apple,Black,Solid,Casual,All year,black,D,NEUTRAL,NEUTRAL,#16171a,other,FLAT,N/A,N,2,2,REGULAR,N/A,OK,OK,NONE,C,,Good,,available,KEEP,Sport band,
158,Accessories,Watch strap,Nike,White perforated,Solid,Sport,All year,white,L,NEUTRAL,NEUTRAL,#f7f5f0,other,FLAT,N/A,N,1,2,REGULAR,N/A,N/A,OK,GYM,C,,Good,,available,KEEP,Nike sport band,
159,Accessories,Watch strap,Aarni,Dark brown elk,Solid,Smart,All year,brown,D,NEUTRAL,WARM,#4a3728,leather,TEXTURED,N/A,N,4,2,REGULAR,N/A,STRONG,OK,NONE,E,,New,2026,available,KEEP,"ARRIVED 26 AUG 2026 and in use. Elk leather, dark brown, matte silver hardware. Fixed the sport-band weak point. With trainers it forms the two-point brown echo with belt 129",
160,Accessories,Necklace,Miansai,Silver,Solid,All,All year,silver,L,NEUTRAL,COOL,#c9c9cb,other,FLAT,N/A,N,3,2,REGULAR,N/A,STRONG,OK,NONE,C,,Good,,available,KEEP,"Long silver chain carrying a ring and sentimental pieces, falling mid-chest. CORRECT LENGTH - a long vertical pendant line elongates the torso. Wear it visible with an open collar",
161,Accessories,Scarf,Armani,Grey / black mix,Mix,Smart casual,Autumn/Winter,black,D,NEUTRAL,NEUTRAL,#16171a,wool,TEXTURED,N/A,N,3,2,REGULAR,N/A,WEAK,OK,NONE,C,,Good,,available,CHECK,The weaker of the two good scarves,
162,Accessories,Scarf,Sandro,Dark blue,Solid,Smart casual,Autumn/Winter,blue,D,MUTED,COOL,#2b3d57,wool,TEXTURED,N/A,N,3,2,REGULAR,N/A,STRONG,OK,NONE,C,,Good,,available,KEEP,Closed the scarf gap,
163,Accessories,Scarf,TBC,Olive / dark brown,Tie-dye / shibori,Smart casual,Autumn/Winter,olive,D,MUTED,WARM,#454a34,wool,TEXTURED,N/A,N,3,2,REGULAR,N/A,STRONG,OK,NONE,C,,Good,,available,KEEP,BEST SCARF BY COLOUR. Doubles as a plane wrap - in every packing template,Brand unknown
164,Accessories,Wallet,Tom Ford,Black leather,Solid,All,All year,black,D,NEUTRAL,NEUTRAL,#16171a,leather,FLAT,N/A,N,3,2,SLIM,N/A,OK,OK,NONE,C,,Good - retiring to storage,,available,RETIRE,Sentimental - retire to storage not the bin. Replace with a slim brown cardholder,
168,Accessories,Backpack (Mini),Rains,Black,Solid,Casual,All year,black,D,NEUTRAL,NEUTRAL,#16171a,other,FLAT,N/A,N,2,2,REGULAR,N/A,OK,OFF-BRIEF,CASUAL,A,,Good,,available,KEEP,"Backpack MINI 12.5L 44x29x10cm waterproof. Right for WFH, office and travel; WRONG for client days and dinners on register and proportion - the two-strap rule is against it. Doubles as the personal item on every flight",
169,Trousers,Chinos,Frame,Light olive,Solid,Smart casual,All year,olive,L,MUTED,WARM,#8a8c5f,cotton,FLAT,BOTTOM,N,3,2,REGULAR,PLAIN,STRONG,OK,NONE,E,,Good,,available,KEEP,"Added 22 Aug 2026. Same cloth and cut as 49 Frame beige, in light olive. Replaced the shrunk Nudie olive. ONE OF ONLY TWO ALL-YEAR ODD TROUSERS for client days (with 49)",
171,Knitwear,Roll neck (fine knit),Bernard Weatherill,Navy fleck,Melange fleck,Smart casual,Autumn/Winter,navy,D,MUTED,COOL,#26314c,lambswool,TEXTURED,MID,N,3,3,REGULAR,N/A,STRONG,OK,NONE,E,Size S - fits well,Good,,available,KEEP,"Added 24 Aug 2026. Savile Row house. 'Plain Roll Neck Melange Tweed' in Navy Flec. 100% lambswool, ribbed collar and cuff, dry clean. White flecks are MELANGE not pattern - passes the solid-only rule on the same grounds as 86. THE SUBSTANTIAL ROLL NECK - worn alone or under a coat. Closed the navy-at-the-collar gap and cancelled the navy merino crew from the buy plan",Year acquired unknown
172,Knitwear,Wool jersey (thin),Richard James,Bottle green,Solid,Smart casual,Autumn/Winter,green,D,MUTED,COOL,#1f3a2d,wool,FLAT,MID,N,3,3,REGULAR,N/A,OK,OK,NONE,E,,Good,,available,KEEP,"Added 24 Aug 2026. Savile Row house. Thin wool jersey, fine gauge - an under-jacket knit. COLOUR CONFIRMED BY PAVLOS as bottle/forest green NOT olive. A NEW HUE - every other green here is olive. Cooler and bluer so it reads closer to navy than to the olive family; a dark-half piece for warm light bottoms. Graded OK not STRONG: deep and flattering but outside the established warm-muted palette and untested",Wear once and confirm whether it earns STRONG. This is the forest-green shade test in a garment already owned
173,Knitwear,Roll neck (jersey),Gianni Feraud,Charcoal,Solid,Smart casual,All year,charcoal,D,NEUTRAL,NEUTRAL,#3a3d42,jersey,FLAT,MID,N,3,2,SLIM,N/A,STRONG,OK,NONE,E,Tight / slim fit,Good,,available,KEEP,"Added 24 Aug 2026. Likely the Premium Muscle Fit Stretch Roll Neck. Stretch jersey rather than knitwear, so thin and close-fitting - THE ONLY KNIT THIN ENOUGH TO GO UNDER A BLAZER, unlike 62, 63 and 75. Charcoal is his daytime dark",SHADE - Gianni Feraud list this in grey AND charcoal. Graded STRONG on charcoal; if it is their mid-grey it drops to FAIL at the collar and the lead dinner look needs rebuilding. Confirm in daylight
174,Trousers,Jeans,7 For All Mankind,Dark blue,Solid,Casual,All year,blue,D,MUTED,COOL,#35506e,denim,TEXTURED,BOTTOM,N,2,2,REGULAR,PLAIN,OK,OK,NONE,C,,Damaged - large hole,,available,TAILOR,"Added 24 Aug 2026, one day after capture was declared closed. The second 7FAM pair - dark blue, distinct from 50 which is black. THE ONLY BLUE JEANS OWNED - this corrects the 'zero blue jeans' line that appeared in three documents. EXCLUDED from generated looks until assessed",TAILOR TO ASSESS - repairable or retire? If not repairable a replacement goes on the buy plan. Confirm the shade in daylight
175,Luggage,Cabin suitcase (4-wheel),Tumi,Black,Solid,All,All year,black,D,NEUTRAL,NEUTRAL,#16171a,technical,TEXTURED,N/A,N,4,2,REGULAR,N/A,OK,OK,NONE,C,,Excellent,,available,KEEP,"Added 27 Aug 2026 - opened the Luggage category. TUMI Alpha Dual Access Expandable Carry-On, standard not Large. Black 1680D ballistic nylon. 55 x 35.5 x 23cm external, expanding to 28cm. 4.2kg EMPTY. Four dual wheels, dual TSA lock, front and main access, AirTag pocket. HANGER BRACKET BUT NO SUITER - it does not carry tailoring flat. RRP c.GBP850. NEVER EXPAND FOR A CABIN LEG. PALETTE OK not STRONG - black nylon is register-neutral, invisible rather than good next to a brown-led spine; same finding as 168. Specs are provenance A from the product page - tape-confirm to E",GENERATION - Alpha 3 or Alpha 4. A USB-C port on the side means Alpha 4
176,Accessories,Pocket square,TBC,White,Solid,Smart,All year,white,L,NEUTRAL,NEUTRAL,#f7f5f0,UNKNOWN,UNKNOWN,N/A,N,4,2,REGULAR,N/A,STRONG,OK,NONE,C,,Good,,available,KEEP,"Added 30 Aug 2026. Already owned, not a purchase - it was never recorded. Closes the client-day mode requirement in 00-rules.md (watch and white pocket square), which until now no look in 04-looks.md could meet. Only worn with a jacket, so it is an addition to a look and never a look-maker.","BRAND AND FABRIC UNKNOWN - linen or silk, and they grade differently. Silk reads dinner and evening; linen reads summer client day and holds a flat fold. Confirm before the STRONG palette grade and the rank 4 are trusted."
